{"r_squared": 0.03570513102945383, "rmse": 6777.509886999256}